Event ID,Face ID,Event Type,Timestamp,Image Snapshot
1,visitor_001,ENTRY,2026-10-04 17:20:55,logs/entries\visitor_001_entry_2026-10-04_17-20-55.jpg
2,visitor_002,ENTRY,2026-10-04 17:20:56,logs/entries\visitor_002_entry_2026-10-04_17-20-56.jpg
3,visitor_003,ENTRY,2026-10-04 17:20:57,logs/entries\visitor_003_entry_2026-10-04_17-20-57.jpg
4,visitor_006,ENTRY,2026-10-04 17:20:59,logs/entries\visitor_006_entry_2026-10-04_17-20-59.jpg
5,visitor_001,ENTRY,2026-10-04 17:49:42,logs/entries\visitor_001_entry_2026-10-04_17-49-42.jpg
6,visitor_002,ENTRY,2026-10-04 17:49:42,logs/entries\visitor_002_entry_2026-10-04_17-49-42.jpg
7,visitor_003,ENTRY,2026-10-04 17:49:43,logs/entries\visitor_003_entry_2026-10-04_17-49-43.jpg
8,visitor_006,ENTRY,2026-10-04 17:49:44,logs/entries\visitor_006_entry_2026-10-04_17-49-44.jpg
9,visitor_001,EXIT,2026-10-04 17:49:52,logs/exits\visitor_001_exit_flush_2026-10-04_17-49-52.jpg
10,visitor_002,EXIT,2026-10-04 17:49:52,logs/exits\visitor_002_exit_flush_2026-10-04_17-49-52.jpg
11,visitor_003,EXIT,2026-10-04 17:49:52,logs/exits\visitor_003_exit_flush_2026-10-04_17-49-52.jpg
12,visitor_006,EXIT,2026-10-04 17:49:52,logs/exits\visitor_006_exit_flush_2026-10-04_17-49-52.jpg
13,visitor_001,ENTRY,2026-10-04 18:20:55,logs/entries\visitor_001_entry_2026-10-04_18-20-55.jpg
14,visitor_002,ENTRY,2026-10-04 18:20:56,logs/entries\visitor_002_entry_2026-10-04_18-20-56.jpg
15,visitor_003,ENTRY,2026-10-04 18:20:56,logs/entries\visitor_003_entry_2026-10-04_18-20-56.jpg
16,visitor_006,ENTRY,2026-10-04 18:20:57,logs/entries\visitor_006_entry_2026-10-04_18-20-57.jpg
17,visitor_001,EXIT,2026-10-04 18:21:05,logs/exits\visitor_001_exit_flush_2026-10-04_18-21-05.jpg
18,visitor_002,EXIT,2026-10-04 18:21:05,logs/exits\visitor_002_exit_flush_2026-10-04_18-21-05.jpg
19,visitor_003,EXIT,2026-10-04 18:21:05,logs/exits\visitor_003_exit_flush_2026-10-04_18-21-05.jpg
20,visitor_006,EXIT,2026-10-04 18:21:05,logs/exits\visitor_006_exit_flush_2026-10-04_18-21-05.jpg
21,visitor_037,ENTRY,2026-10-04 18:22:44,logs/entries\visitor_037_entry_2026-10-04_18-22-44.jpg
22,visitor_038,ENTRY,2026-10-04 18:22:52,logs/entries\visitor_038_entry_2026-10-04_18-22-52.jpg
23,visitor_039,ENTRY,2026-10-04 18:22:53,logs/entries\visitor_039_entry_2026-10-04_18-22-53.jpg
24,visitor_040,ENTRY,2026-10-04 18:22:53,logs/entries\visitor_040_entry_2026-10-04_18-22-53.jpg
25,visitor_037,EXIT,2026-10-04 18:22:55,logs/exits\visitor_037_exit_2026-10-04_18-22-55.jpg
26,visitor_038,EXIT,2026-10-04 18:22:55,logs/exits\visitor_038_exit_2026-10-04_18-22-55.jpg
27,visitor_039,EXIT,2026-10-04 18:22:55,logs/exits\visitor_039_exit_2026-10-04_18-22-55.jpg
28,visitor_040,EXIT,2026-10-04 18:22:56,logs/exits\visitor_040_exit_2026-10-04_18-22-56.jpg
29,visitor_041,ENTRY,2026-10-04 18:23:14,logs/entries\visitor_041_entry_2026-10-04_18-23-14.jpg
30,visitor_042,ENTRY,2026-10-04 18:23:16,logs/entries\visitor_042_entry_2026-10-04_18-23-16.jpg
31,visitor_041,EXIT,2026-10-04 18:23:17,logs/exits\visitor_041_exit_2026-10-04_18-23-17.jpg
32,visitor_043,ENTRY,2026-10-04 18:23:17,logs/entries\visitor_043_entry_2026-10-04_18-23-17.jpg
33,visitor_044,ENTRY,2026-10-04 18:23:19,logs/entries\visitor_044_entry_2026-10-04_18-23-19.jpg
34,visitor_042,EXIT,2026-10-04 18:23:20,logs/exits\visitor_042_exit_2026-10-04_18-23-20.jpg
35,visitor_042,ENTRY,2026-10-04 18:23:22,logs/entries\visitor_042_entry_2026-10-04_18-23-22.jpg
36,visitor_045,ENTRY,2026-10-04 18:23:23,logs/entries\visitor_045_entry_2026-10-04_18-23-23.jpg
37,visitor_043,EXIT,2026-10-04 18:23:23,logs/exits\visitor_043_exit_2026-10-04_18-23-23.jpg
38,visitor_044,EXIT,2026-10-04 18:23:24,logs/exits\visitor_044_exit_2026-10-04_18-23-24.jpg
39,visitor_046,ENTRY,2026-10-04 18:23:24,logs/entries\visitor_046_entry_2026-10-04_18-23-24.jpg
40,visitor_047,ENTRY,2026-10-04 18:23:24,logs/entries\visitor_047_entry_2026-10-04_18-23-24.jpg
41,visitor_042,EXIT,2026-10-04 18:23:26,logs/exits\visitor_042_exit_2026-10-04_18-23-26.jpg
42,visitor_045,EXIT,2026-10-04 18:23:27,logs/exits\visitor_045_exit_2026-10-04_18-23-27.jpg
43,visitor_048,ENTRY,2026-10-04 18:23:28,logs/entries\visitor_048_entry_2026-10-04_18-23-28.jpg
44,visitor_049,ENTRY,2026-10-04 18:23:30,logs/entries\visitor_049_entry_2026-10-04_18-23-30.jpg
45,visitor_050,ENTRY,2026-10-04 18:23:31,logs/entries\visitor_050_entry_2026-10-04_18-23-31.jpg
46,visitor_039,ENTRY,2026-10-04 18:23:31,logs/entries\visitor_039_entry_2026-10-04_18-23-31.jpg
47,visitor_046,EXIT,2026-10-04 18:23:31,logs/exits\visitor_046_exit_2026-10-04_18-23-31.jpg
48,visitor_051,ENTRY,2026-10-04 18:23:32,logs/entries\visitor_051_entry_2026-10-04_18-23-32.jpg
49,visitor_052,ENTRY,2026-10-04 18:23:33,logs/entries\visitor_052_entry_2026-10-04_18-23-33.jpg
50,visitor_048,EXIT,2026-10-04 18:23:34,logs/exits\visitor_048_exit_2026-10-04_18-23-34.jpg
51,visitor_049,EXIT,2026-10-04 18:23:34,logs/exits\visitor_049_exit_2026-10-04_18-23-34.jpg
52,visitor_039,EXIT,2026-10-04 18:23:35,logs/exits\visitor_039_exit_2026-10-04_18-23-35.jpg
53,visitor_053,ENTRY,2026-10-04 18:23:36,logs/entries\visitor_053_entry_2026-10-04_18-23-36.jpg
54,visitor_050,EXIT,2026-10-04 18:23:36,logs/exits\visitor_050_exit_2026-10-04_18-23-36.jpg
55,visitor_054,ENTRY,2026-10-04 18:23:38,logs/entries\visitor_054_entry_2026-10-04_18-23-38.jpg
56,visitor_052,EXIT,2026-10-04 18:23:38,logs/exits\visitor_052_exit_2026-10-04_18-23-38.jpg
57,visitor_055,ENTRY,2026-10-04 18:23:39,logs/entries\visitor_055_entry_2026-10-04_18-23-39.jpg
58,visitor_047,EXIT,2026-10-04 18:23:41,logs/exits\visitor_047_exit_2026-10-04_18-23-41.jpg
59,visitor_051,EXIT,2026-10-04 18:23:42,logs/exits\visitor_051_exit_2026-10-04_18-23-42.jpg
60,visitor_053,EXIT,2026-10-04 18:23:44,logs/exits\visitor_053_exit_2026-10-04_18-23-44.jpg
61,visitor_056,ENTRY,2026-10-04 18:23:48,logs/entries\visitor_056_entry_2026-10-04_18-23-48.jpg
62,visitor_054,EXIT,2026-10-04 18:23:51,logs/exits\visitor_054_exit_flush_2026-10-04_18-23-51.jpg
63,visitor_055,EXIT,2026-10-04 18:23:51,logs/exits\visitor_055_exit_flush_2026-10-04_18-23-51.jpg
64,visitor_056,EXIT,2026-10-04 18:23:51,logs/exits\visitor_056_exit_flush_2026-10-04_18-23-51.jpg
