Face ID,First Seen,Last Seen,Total Visits
visitor_001,2026-10-04 15:45:47,2026-10-04 18:20:55,3
visitor_002,2026-10-04 15:45:48,2026-10-04 18:20:56,3
visitor_003,2026-10-04 15:45:48,2026-10-04 18:20:56,3
visitor_004,2026-10-04 15:45:58,2026-10-04 16:53:14,1
visitor_005,2026-10-04 15:46:09,2026-10-04 16:53:20,1
visitor_006,2026-10-04 15:46:20,2026-10-04 18:20:57,3
visitor_007,2026-10-04 15:46:42,2026-10-04 15:56:08,1
visitor_008,2026-10-04 15:46:50,2026-10-04 16:53:26,1
visitor_009,2026-10-04 15:46:58,2026-10-04 15:47:02,1
visitor_010,2026-10-04 15:47:04,2026-10-04 15:47:04,1
visitor_011,2026-10-04 15:47:05,2026-10-04 15:56:09,1
visitor_012,2026-10-04 15:47:06,2026-10-04 15:47:06,1
visitor_013,2026-10-04 15:47:10,2026-10-04 15:53:08,1
visitor_014,2026-10-04 15:47:11,2026-10-04 15:47:14,1
visitor_015,2026-10-04 15:47:19,2026-10-04 15:51:26,1
visitor_016,2026-10-04 15:47:44,2026-10-04 15:47:44,1
visitor_017,2026-10-04 15:47:44,2026-10-04 15:49:04,1
visitor_018,2026-10-04 15:48:16,2026-10-04 15:55:13,1
visitor_019,2026-10-04 15:48:40,2026-10-04 15:55:00,1
visitor_020,2026-10-04 15:48:53,2026-10-04 15:49:00,1
visitor_021,2026-10-04 15:49:24,2026-10-04 15:49:26,1
visitor_022,2026-10-04 15:49:28,2026-10-04 15:49:49,1
visitor_023,2026-10-04 15:49:33,2026-10-04 15:49:59,1
visitor_024,2026-10-04 15:49:42,2026-10-04 15:50:02,1
visitor_025,2026-10-04 15:49:51,2026-10-04 15:49:55,1
visitor_026,2026-10-04 15:50:08,2026-10-04 15:54:21,1
visitor_027,2026-10-04 15:50:10,2026-10-04 15:50:10,1
visitor_028,2026-10-04 15:50:25,2026-10-04 15:55:43,1
visitor_029,2026-10-04 15:51:30,2026-10-04 15:51:41,1
visitor_030,2026-10-04 15:51:58,2026-10-04 15:52:56,1
visitor_031,2026-10-04 15:52:28,2026-10-04 15:52:52,1
visitor_032,2026-10-04 15:52:42,2026-10-04 15:53:02,1
visitor_033,2026-10-04 15:53:20,2026-10-04 15:53:35,1
visitor_034,2026-10-04 15:54:11,2026-10-04 15:54:20,1
visitor_035,2026-10-04 15:54:27,2026-10-04 15:56:09,1
visitor_036,2026-10-04 15:55:02,2026-10-04 15:55:10,1
